{
  "left_arm_length": 333.55508327370325,
  "right_arm_length": 327.346969218212,
  "arm_length": 330.4510262459576,
  "left_offset": -51.104095458984375,
  "right_offset": 68.7227783203125
}
