{"left_arm_length": 315.2402194141415, "right_arm_length": 299.54021930793937, "arm_length": 307.3902193610404, "left_offset": -65.07170104980469, "right_offset": 75.60784912109375}