{"left_arm_length": 284.45864689343944, "right_arm_length": 283.81860357238503, "arm_length": 284.1386252329122, "left_offset": -23.742431640625, "right_offset": 38.309844970703125}